{
    "achievement": 0.003955385220125786,
    "affection": 0.0021865172955974842,
    "aggression": 0.0016214622641509435,
    "air_travel": 0.001203812893081761,
    "alcohol": 0.0007124606918238993,
    "ancient": 0.001768867924528302,
    "anger": 0.000614190251572327,
    "animal": 0.001228380503144654,
    "anonymity": 0.0001228380503144654,
    "anticipation": 0.0008352987421383648,
    "appearance": 0.002825275157232704,
    "art": 0.007419418238993711,
    "attractive": 0.0028989779874213834,
    "banking": 0.0008107311320754717,
    "beach": 0.0011792452830188679,
    "beauty": 0.0025795990566037734,
    "blue_collar_job": 0.00019654088050314466,
    "body": 0.0012529481132075471,
    "breaking": 0.0011055424528301887,
    "business": 0.004102790880503145,
    "car": 0.001228380503144654,
    "celebration": 0.0035131682389937108,
    "cheerfulness": 0.0016460298742138365,
    "childish": 0.0022602201257861635,
    "children": 0.0037097091194968554,
    "cleaning": 0.0008352987421383648,
    "clothing": 0.0013266509433962263,
    "cold": 0.0010809748427672956,
    "college": 0.002456761006289308,
    "communication": 0.003955385220125786,
    "competing": 0.0022356525157232704,
    "computer": 0.0023339229559748427,
    "confusion": 0.0007370283018867925,
    "contentment": 0.0014249213836477986,
    "cooking": 0.0012529481132075471,
    "crime": 0.000884433962264151,
    "dance": 0.008230149371069183,
    "death": 0.0029235455974842765,
    "deception": 0.0007124606918238993,
    "disappointment": 0.00039308176100628933,
    "disgust": 0.0005404874213836478,
    "dispute": 0.0019654088050314465,
    "divine": 0.0013757861635220125,
    "domestic_work": 0.0011301100628930817,
    "dominant_heirarchical": 0.001793435534591195,
    "dominant_personality": 0.0005896226415094339,
    "driving": 0.0013757861635220125,
    "eating": 0.0018425707547169812,
    "economics": 0.0019408411949685535,
    "emotional": 0.0023339229559748427,
    "envy": 0.00046678459119496856,
    "exasperation": 0.0003439465408805031,
    "exercise": 0.0005404874213836478,
    "exotic": 0.0008352987421383648,
    "fabric": 0.0009335691823899371,
    "family": 0.0022110849056603773,
    "farming": 0.0006387578616352201,
    "fashion": 0.0011055424528301887,
    "fear": 0.0012529481132075471,
    "feminine": 0.001818003144654088,
    "fight": 0.0019899764150943396,
    "fire": 0.0009827044025157233,
    "friends": 0.0022110849056603773,
    "fun": 0.0037834119496855346,
    "furniture": 0.0008107311320754717,
    "gain": 0.0011055424528301887,
    "giving": 0.0026287342767295596,
    "government": 0.0025550314465408804,
    "hate": 0.0010564072327044025,
    "healing": 0.0019654088050314465,
    "health": 0.0015477594339622642,
    "hearing": 0.004151926100628931,
    "help": 0.0014249213836477986,
    "heroic": 0.0025304638364779873,
    "hiking": 0.000614190251572327,
    "hipster": 0.0004913522012578616,
    "home": 0.0018917059748427673,
    "horror": 0.0005159198113207547,
    "hygiene": 0.0004913522012578616,
    "independence": 0.0013512185534591194,
    "injury": 0.0016214622641509435,
    "internet": 0.0017197327044025158,
    "irritability": 0.0004176493710691824,
    "journalism": 0.0016951650943396227,
    "joy": 0.001228380503144654,
    "kill": 0.001203812893081761,
    "law": 0.0014494889937106917,
    "leader": 0.0028989779874213834,
    "legend": 0.0014494889937106917,
    "leisure": 0.002063679245283019,
    "liquid": 0.000884433962264151,
    "listen": 0.007566823899371069,
    "love": 0.0026041666666666665,
    "lust": 0.0015968946540880504,
    "magic": 0.000884433962264151,
    "masculine": 0.0026041666666666665,
    "medical_emergency": 0.0011546776729559748,
    "medieval": 0.0005650550314465409,
    "meeting": 0.0016214622641509435,
    "messaging": 0.0010809748427672956,
    "military": 0.0013512185534591194,
    "money": 0.0012775157232704402,
    "monster": 0.0005650550314465409,
    "morning": 0.0009581367924528302,
    "movement": 0.0028744103773584904,
    "music": 0.013536753144654088,
    "musical": 0.01275058962264151,
    "negative_emotion": 0.0034394654088050316,
    "neglect": 0.0007370283018867925,
    "negotiate": 0.0004422169811320755,
    "nervousness": 0.0007370283018867925,
    "night": 0.0013020833333333333,
    "noise": 0.003316627358490566,
    "occupation": 0.0014003537735849056,
    "ocean": 0.0011301100628930817,
    "office": 0.002407625786163522,
    "optimism": 0.003316627358490566,
    "order": 0.0015723270440251573,
    "pain": 0.0012529481132075471,
    "party": 0.004274764150943396,
    "payment": 0.0009335691823899371,
    "pet": 0.0004422169811320755,
    "philosophy": 0.0017197327044025158,
    "phone": 0.0014003537735849056,
    "plant": 0.0009581367924528302,
    "play": 0.0019162735849056604,
    "politeness": 0.0013757861635220125,
    "politics": 0.0016460298742138365,
    "poor": 0.0007861635220125787,
    "positive_emotion": 0.004643278301886792,
    "power": 0.0021865172955974842,
    "pride": 0.0012775157232704402,
    "prison": 0.00031937893081761005,
    "programming": 0.0018425707547169812,
    "rage": 0.0005896226415094339,
    "reading": 0.00390625,
    "real_estate": 0.0010318396226415094,
    "religion": 0.0015723270440251573,
    "restaurant": 0.001228380503144654,
    "ridicule": 0.000884433962264151,
    "royalty": 0.0012775157232704402,
    "rural": 0.0011546776729559748,
    "sadness": 0.002161949685534591,
    "sailing": 0.0010809748427672956,
    "school": 0.0034640330188679246,
    "science": 0.002776139937106918,
    "sexual": 0.001498624213836478,
    "shame": 0.0014494889937106917,
    "shape_and_size": 0.003292059748427673,
    "ship": 0.0009335691823899371,
    "shopping": 0.0013266509433962263,
    "sleep": 0.001228380503144654,
    "smell": 0.0011546776729559748,
    "social_media": 0.0008598663522012579,
    "sound": 0.0037588443396226415,
    "speaking": 0.005110062893081761,
    "sports": 0.002161949685534591,
    "stealing": 0.0006387578616352201,
    "strength": 0.003562303459119497,
    "suffering": 0.001768867924528302,
    "superhero": 0.000614190251572327,
    "surprise": 0.0010318396226415094,
    "swearing_terms": 0.00022110849056603774,
    "swimming": 0.0006633254716981132,
    "sympathy": 0.0011055424528301887,
    "technology": 0.002137382075471698,
    "terrorism": 0.0004422169811320755,
    "timidity": 0.000884433962264151,
    "tool": 0.00029481132075471697,
    "torment": 0.0005650550314465409,
    "tourism": 0.0009581367924528302,
    "toy": 0.0016460298742138365,
    "traveling": 0.002432193396226415,
    "trust": 0.0025304638364779873,
    "ugliness": 0.0006633254716981132,
    "urban": 0.0010564072327044025,
    "vacation": 0.002383058176100629,
    "valuable": 0.001474056603773585,
    "vehicle": 0.0010318396226415094,
    "violence": 0.001793435534591195,
    "war": 0.0021865172955974842,
    "warmth": 0.0010809748427672956,
    "water": 0.0010809748427672956,
    "weakness": 0.0008352987421383648,
    "wealthy": 0.0010809748427672956,
    "weapon": 0.0010809748427672956,
    "weather": 0.0018917059748427673,
    "wedding": 0.0026041666666666665,
    "white_collar_job": 0.0010318396226415094,
    "work": 0.0034640330188679246,
    "worship": 0.001203812893081761,
    "writing": 0.0026287342767295596,
    "youth": 0.0012529481132075471,
    "zest": 0.0017197327044025158
}