{
    "achievement": 0.0005492713572151942,
    "affection": 0.00024030621878164747,
    "aggression": 0.00018881202904272301,
    "air_travel": 0.008324894007792787,
    "alcohol": 0.0015619904220807086,
    "ancient": 0.0004462829777373453,
    "anger": 0.00015448256921677338,
    "animal": 0.00039478878799842083,
    "anticipation": 0.00010298837947784892,
    "appearance": 0.0019396144801661545,
    "art": 0.0005492713572151942,
    "attractive": 0.0016993082613845072,
    "banking": 0.0018194613707753309,
    "beach": 0.000858236495648741,
    "beauty": 0.00034329459825949637,
    "blue_collar_job": 0.0007552481161708921,
    "body": 0.001047048524691464,
    "breaking": 0.0009783896050395648,
    "business": 0.003535934362072813,
    "car": 0.0025060505672943236,
    "celebration": 0.00142467258277691,
    "cheerfulness": 0.00034329459825949637,
    "childish": 0.001338848933212036,
    "children": 0.0025232152972072984,
    "cleaning": 0.008410717657357661,
    "clothing": 0.001047048524691464,
    "cold": 0.0018537908306012806,
    "college": 0.0006007655469541187,
    "communication": 0.0026948625963370467,
    "competing": 0.00013731783930379855,
    "computer": 0.0014933315024288094,
    "confusion": 0.0004977771674762698,
    "contentment": 0.0005664360871281691,
    "cooking": 0.0044113355876345284,
    "crime": 0.00017164729912974818,
    "dance": 0.0008239070358227914,
    "death": 0.0026262036766851473,
    "deception": 0.00020597675895569784,
    "disappointment": 0.0004119535179113957,
    "disgust": 0.00020597675895569784,
    "dispute": 0.0007037539264319676,
    "divine": 0.00030896513843354676,
    "domestic_work": 0.0046001476166772515,
    "dominant_heirarchical": 1.716472991297482e-05,
    "dominant_personality": 0.00013731783930379855,
    "driving": 0.003965052609897183,
    "eating": 0.0046001476166772515,
    "economics": 0.0025232152972072984,
    "emotional": 0.0011843663639952626,
    "envy": 8.582364956487409e-05,
    "exasperation": 8.582364956487409e-05,
    "exercise": 0.0002918004085205719,
    "exotic": 0.00013731783930379855,
    "fabric": 0.000669424466606018,
    "family": 0.002197085428860777,
    "farming": 5.149418973892446e-05,
    "fashion": 0.0004977771674762698,
    "fear": 0.00039478878799842083,
    "feminine": 0.0008067423059098165,
    "fight": 0.0014075078528639352,
    "fire": 0.0016306493417326078,
    "friends": 0.002935168815118694,
    "fun": 0.00022314148886867265,
    "furniture": 0.009749566590569697,
    "gain": 0.0002746356786075971,
    "giving": 0.0029180040852057193,
    "government": 0.00012015310939082374,
    "hate": 0.0018022966408623561,
    "healing": 0.0007380833862579172,
    "health": 0.0004462829777373453,
    "hearing": 0.0020426028596440037,
    "help": 0.0015104962323417841,
    "heroic": 0.0003604593281724712,
    "hiking": 0.00032612986834652157,
    "hipster": 0.0008067423059098165,
    "home": 0.011105580253694708,
    "horror": 0.00034329459825949637,
    "hygiene": 0.007037539264319676,
    "independence": 5.149418973892446e-05,
    "injury": 0.000858236495648741,
    "internet": 0.0011157074443433632,
    "irritability": 0.00030896513843354676,
    "journalism": 0.0004119535179113957,
    "joy": 0.00012015310939082374,
    "kill": 0.0011500369041693129,
    "law": 0.00013731783930379855,
    "leader": 0.0004291182478243705,
    "legend": 6.865891965189928e-05,
    "leisure": 0.001441837312689885,
    "liquid": 0.0033642870629430645,
    "listen": 0.002282909078425651,
    "love": 0.0009783896050395648,
    "lust": 0.00024030621878164747,
    "magic": 6.865891965189928e-05,
    "masculine": 0.0015276609622547589,
    "medical_emergency": 0.0013045194733860863,
    "medieval": 3.432945982594964e-05,
    "meeting": 0.0006865891965189927,
    "messaging": 0.0012873547434731115,
    "military": 0.0002918004085205719,
    "money": 0.0036045932817247123,
    "monster": 3.432945982594964e-05,
    "morning": 0.0044113355876345284,
    "movement": 0.00188812029042723,
    "music": 0.001321684203299061,
    "musical": 0.0009783896050395648,
    "negative_emotion": 0.005046430594414597,
    "neglect": 0.00015448256921677338,
    "negotiate": 0.0008754012255617158,
    "nervousness": 0.0007380833862579172,
    "night": 0.0033642870629430645,
    "noise": 0.0013731783930379855,
    "occupation": 0.0016649788015585575,
    "ocean": 0.0008067423059098165,
    "office": 0.011294392282737431,
    "optimism": 0.0016993082613845072,
    "order": 0.0007552481161708921,
    "pain": 0.0017851319109493812,
    "party": 0.002282909078425651,
    "payment": 0.0030724866544224925,
    "pet": 0.0008239070358227914,
    "philosophy": 3.432945982594964e-05,
    "phone": 0.0024202269177294494,
    "plant": 0.00020597675895569784,
    "play": 0.00046344770765032015,
    "politeness": 0.0022485796185997015,
    "politics": 8.582364956487409e-05,
    "poor": 0.000944060145213615,
    "positive_emotion": 0.0023515679980775504,
    "power": 0.00010298837947784892,
    "pride": 6.865891965189928e-05,
    "prison": 0.0006865891965189927,
    "programming": 0.0005321066273022194,
    "rage": 0.00012015310939082374,
    "reading": 0.001338848933212036,
    "real_estate": 0.0023000738083386258,
    "religion": 0.00022314148886867265,
    "restaurant": 0.0043426766679826295,
    "ridicule": 0.0003604593281724712,
    "royalty": 0.00017164729912974818,
    "rural": 0.0005836008170411438,
    "sadness": 0.00048061243756329495,
    "sailing": 0.0007724128460838669,
    "school": 0.00024030621878164747,
    "science": 6.865891965189928e-05,
    "sexual": 0.00018881202904272301,
    "shame": 0.0012701900135601366,
    "shape_and_size": 0.004033711529549082,
    "ship": 0.00017164729912974818,
    "shopping": 0.0034672754424209134,
    "sleep": 0.010281673217871917,
    "smell": 0.0020082733998180538,
    "social_media": 0.001613484611819633,
    "sound": 0.0012873547434731115,
    "speaking": 0.002729192056162996,
    "sports": 0.00048061243756329495,
    "stealing": 0.00020597675895569784,
    "strength": 0.000858236495648741,
    "suffering": 0.0016649788015585575,
    "superhero": 1.716472991297482e-05,
    "surprise": 0.0002918004085205719,
    "swearing_terms": 0.000858236495648741,
    "swimming": 0.0007895775759968417,
    "sympathy": 0.00013731783930379855,
    "technology": 0.000858236495648741,
    "terrorism": 3.432945982594964e-05,
    "timidity": 0.00046344770765032015,
    "tool": 0.0003604593281724712,
    "torment": 0.0002918004085205719,
    "tourism": 0.007295010213014298,
    "toy": 0.00039478878799842083,
    "traveling": 0.01474450299524537,
    "trust": 0.0012873547434731115,
    "ugliness": 0.000858236495648741,
    "urban": 0.001613484611819633,
    "vacation": 0.012976535814208963,
    "valuable": 0.003038157194596543,
    "vehicle": 0.00430834720815668,
    "violence": 0.001338848933212036,
    "war": 0.0009268954153006403,
    "warmth": 0.0019396144801661545,
    "water": 0.0008925659554746906,
    "weakness": 0.0002574709486946223,
    "wealthy": 0.0011672016340822876,
    "weapon": 0.00020597675895569784,
    "weather": 0.0018194613707753309,
    "wedding": 0.0022485796185997015,
    "white_collar_job": 0.0002574709486946223,
    "work": 0.0030896513843354676,
    "worship": 0.00018881202904272301,
    "writing": 0.001235860553734187,
    "youth": 0.0010642132546044387,
    "zest": 0.00024030621878164747
}