{
    "achievement": 0.004716513743286895,
    "affection": 0.0015985942939431771,
    "aggression": 0.00015853827708527379,
    "air_travel": 0.010542795426170705,
    "alcohol": 0.0031641597801602556,
    "ancient": 0.001222065885865652,
    "anger": 0.0002113843694470317,
    "animal": 0.00021799013099225143,
    "anonymity": 3.30288077260987e-05,
    "anticipation": 0.00018496132326615273,
    "appearance": 0.0020411803174729,
    "art": 0.0011626140319586744,
    "attractive": 0.0050335902974574425,
    "banking": 0.0014862963476744416,
    "beach": 0.001301335024408289,
    "beauty": 0.006090512144692601,
    "blue_collar_job": 0.0014796905861292218,
    "body": 0.0017108922402119127,
    "breaking": 0.0004029514542584042,
    "business": 0.006856780483938091,
    "car": 0.0015985942939431771,
    "celebration": 0.004914686589643487,
    "cheerfulness": 0.0007794798623359294,
    "childish": 0.001605200055488397,
    "children": 0.002774419848992291,
    "cleaning": 0.0036001400421447585,
    "clothing": 0.0013938156860413653,
    "cold": 0.002120449456015537,
    "college": 0.0011097679395969163,
    "communication": 0.0034349960035142653,
    "competing": 0.000713422246883732,
    "computer": 0.0011626140319586744,
    "confusion": 0.0005284609236175792,
    "contentment": 0.001605200055488397,
    "cooking": 0.005621503074982,
    "crime": 0.000178355561720933,
    "dance": 0.0006341531083410951,
    "death": 0.001122979462687356,
    "deception": 0.0002708362233540094,
    "disappointment": 0.0003897399311679647,
    "disgust": 0.00032368231571576727,
    "dispute": 0.0007992971469715886,
    "divine": 0.000356711123441866,
    "domestic_work": 0.0032566404417933323,
    "dominant_heirarchical": 0.00023780741562791065,
    "dominant_personality": 0.000178355561720933,
    "driving": 0.0025300066718191606,
    "eating": 0.006348136844956171,
    "economics": 0.0026092758103617975,
    "emotional": 0.0009776527086925216,
    "envy": 8.587490008785662e-05,
    "exasperation": 9.908642317829611e-05,
    "exercise": 0.0013343638321343875,
    "exotic": 0.0002444131771731304,
    "fabric": 0.0005284609236175792,
    "family": 0.0036992264653230547,
    "farming": 8.587490008785662e-05,
    "fashion": 0.0009644411856020821,
    "fear": 0.00046240330816538184,
    "feminine": 0.0022657762100103712,
    "fight": 0.0006539703929767544,
    "fire": 0.0008719605239690057,
    "friends": 0.006017848767695184,
    "fun": 0.0009115950932403242,
    "furniture": 0.00840252868551951,
    "gain": 0.0004756148312558213,
    "giving": 0.006810540153121552,
    "government": 0.0002113843694470317,
    "hate": 0.0007464510546098307,
    "healing": 0.0015721712477622983,
    "health": 0.0003765284080775252,
    "hearing": 0.0012815177397726297,
    "help": 0.0021336609791059763,
    "heroic": 0.0008785662855142255,
    "hiking": 0.0003368938388062068,
    "hipster": 0.0009644411856020821,
    "home": 0.010357834102904553,
    "horror": 0.00025101893871835016,
    "hygiene": 0.002880112033715807,
    "independence": 0.00015853827708527379,
    "injury": 0.0004227687388940634,
    "internet": 0.0009974699933281807,
    "irritability": 0.00017174980017571324,
    "journalism": 0.0004491917850749424,
    "joy": 0.0004029514542584042,
    "kill": 0.00030386503108010806,
    "law": 0.0002113843694470317,
    "leader": 0.001043710324144719,
    "legend": 0.00023780741562791065,
    "leisure": 0.0031971885878863543,
    "liquid": 0.0027017564719948738,
    "listen": 0.0015589597246718587,
    "love": 0.0031377367339793768,
    "lust": 0.0005020378774367003,
    "magic": 0.0002444131771731304,
    "masculine": 0.0004029514542584042,
    "medical_emergency": 0.0005813070159793372,
    "medieval": 0.00015853827708527379,
    "meeting": 0.0020808148867442183,
    "messaging": 0.001142796747323015,
    "military": 0.0004029514542584042,
    "money": 0.003368938388062068,
    "monster": 2.6423046180878963e-05,
    "morning": 0.0033028807726098704,
    "movement": 0.0022723819715555907,
    "music": 0.0007926913854263689,
    "musical": 0.000561489731343678,
    "negative_emotion": 0.003236823157157673,
    "neglect": 0.0001453267539948343,
    "negotiate": 0.000561489731343678,
    "nervousness": 0.001248488932046531,
    "night": 0.0027942371336279505,
    "noise": 0.0007332395315193912,
    "occupation": 0.005456359036351506,
    "ocean": 0.0006077300621602161,
    "office": 0.012161207004749543,
    "optimism": 0.00457118698929206,
    "order": 0.001301335024408289,
    "pain": 0.001552353963126639,
    "party": 0.0052780034746305726,
    "payment": 0.003157554018615036,
    "pet": 0.000686999200702853,
    "philosophy": 0.00010569218472351585,
    "phone": 0.004511735135385083,
    "plant": 0.0005152494005271397,
    "play": 0.00043598026198450287,
    "politeness": 0.004267321958211953,
    "politics": 5.945185390697766e-05,
    "poor": 0.00036992264653230546,
    "positive_emotion": 0.006209415852506556,
    "power": 0.0003765284080775252,
    "pride": 0.0002444131771731304,
    "prison": 0.00076626833924549,
    "programming": 0.0005548839697984582,
    "rage": 7.266337699741715e-05,
    "reading": 0.0014598733014935627,
    "real_estate": 0.0020940264098346577,
    "religion": 0.00020477860790181195,
    "restaurant": 0.008613913054966543,
    "ridicule": 0.00023120165408269092,
    "royalty": 0.0006407588698863148,
    "rural": 0.0007596625777002701,
    "sadness": 0.0005680954928888977,
    "sailing": 0.0004491917850749424,
    "school": 0.001222065885865652,
    "science": 0.0004491917850749424,
    "sexual": 0.00036992264653230546,
    "shame": 0.0015721712477622983,
    "shape_and_size": 0.005066619105183541,
    "ship": 9.248066163307637e-05,
    "shopping": 0.004280533481302392,
    "sleep": 0.010648487610894222,
    "smell": 0.0009842584702377413,
    "social_media": 0.0010371045625994994,
    "sound": 0.0006803934391576333,
    "speaking": 0.0027413910412661924,
    "sports": 0.0013409695936796074,
    "stealing": 0.0005020378774367003,
    "strength": 0.0013607868783152666,
    "suffering": 0.0006671819160671938,
    "superhero": 0.0002245958925374712,
    "surprise": 0.0005879127775245569,
    "swearing_terms": 0.00025101893871835016,
    "swimming": 0.001096556416506477,
    "sympathy": 0.00031707655417054757,
    "technology": 0.0008125086700620281,
    "terrorism": 3.30288077260987e-05,
    "timidity": 0.0005945185390697767,
    "tool": 0.0001453267539948343,
    "torment": 6.60576154521974e-05,
    "tourism": 0.011401544427049272,
    "toy": 0.00029725926953488835,
    "traveling": 0.017690229418098464,
    "trust": 0.0015457482015814193,
    "ugliness": 0.00013872099244961454,
    "urban": 0.0013806041629509259,
    "vacation": 0.020755302775080427,
    "valuable": 0.003540688188237781,
    "vehicle": 0.0017241037633023524,
    "violence": 0.0015193251554005403,
    "war": 0.00031707655417054757,
    "warmth": 0.001122979462687356,
    "water": 0.0011824313165943335,
    "weakness": 0.0001453267539948343,
    "wealthy": 0.0022327474022842725,
    "weapon": 0.0004888263543462608,
    "weather": 0.0014929021092196615,
    "wedding": 0.003078284880072399,
    "white_collar_job": 0.0008719605239690057,
    "work": 0.002774419848992291,
    "worship": 0.00010569218472351585,
    "writing": 0.0014730848245840021,
    "youth": 0.0008389317162429071,
    "zest": 0.0004756148312558213
}